,epoch,accuracy
0,1,0.9830833333333333
0,2,0.989
0,3,0.9895833333333334
0,4,0.9885
0,5,0.9880833333333333
0,6,0.9915
0,7,0.99225
0,8,0.9899166666666667
